{
    "version": "0.4",
    "title": "Contact Us",
    "type": "section",
    "metadata": {
        "template_type": "section",
        "elementor_pro_required": false,
        "wp_page_template": "default"
    },
    "content": [
        {
            "id": "1c115698",
            "settings": {
                "background_background": "classic",
                "shape_divider_bottom_width": {
                    "unit": "%",
                    "size": 106
                },
                "shape_divider_bottom_height": {
                    "unit": "px",
                    "size": 340
                },
                "shape_divider_bottom_negative": "yes",
                "custom_height": {
                    "unit": "vh",
                    "size": 30
                },
                "background_position": "center left",
                "background_repeat": "no-repeat",
                "background_size": "auto",
                "shape_divider_bottom": "curve",
                "shape_divider_bottom_color": "#4C24CB",
                "shape_divider_bottom_flip": "yes",
                "padding": {
                    "unit": "px",
                    "top": "90",
                    "right": "0",
                    "bottom": "120",
                    "left": "0",
                    "isLinked": false
                },
                "background_overlay_background": "classic",
                "background_overlay_opacity": {
                    "unit": "px",
                    "size": 0.31
                },
                "shape_divider_bottom_width_mobile": {
                    "unit": "%",
                    "size": 257
                },
                "background_color": "#f3278a",
                "background_overlay_attachment": "fixed",
                "html_tag": "header",
                "padding_tablet": {
                    "unit": "em",
                    "top": "5",
                    "right": "2",
                    "bottom": "10",
                    "left": "2",
                    "isLinked": false
                },
                "padding_mobile": {
                    "unit": "em",
                    "top": "5",
                    "right": "1",
                    "bottom": "5",
                    "left": "1",
                    "isLinked": false
                },
                "height": "min-height",
                "background_image": {
                    "url": "https:\/\/wp.envatoextensions.com\/collection-38\/wp-content\/uploads\/sites\/41\/2018\/07\/web-agency-bg1.jpg",
                    "id": 894
                },
                "background_position_mobile": "initial",
                "background_overlay_color": "#342562",
                "overlay_blend_mode": "overlay",
                "shape_divider_bottom_height_tablet": {
                    "unit": "px",
                    "size": 174,
                    "sizes": []
                },
                "shape_divider_bottom_height_mobile": {
                    "unit": "px",
                    "size": 500,
                    "sizes": []
                }
            },
            "elements": [
                {
                    "id": "2b7ba6b3",
                    "settings": {
                        "_column_size": 100,
                        "_inline_size": null
                    },
                    "elements": [
                        {
                            "id": "10453e6b",
                            "settings": {
                                "title": "Our Studio",
                                "align": "center",
                                "title_color": "#ffffff",
                                "typography_typography": "custom",
                                "typography_font_family": "Source Sans Pro",
                                "typography_font_size": {
                                    "unit": "px",
                                    "size": 16
                                },
                                "typography_font_weight": "bold",
                                "typography_letter_spacing": {
                                    "unit": "px",
                                    "size": 6
                                },
                                "_margin": {
                                    "unit": "px",
                                    "top": "-12",
                                    "right": "0",
                                    "bottom": "-12",
                                    "left": "0",
                                    "isLinked": false
                                },
                                "_padding": {
                                    "unit": "px",
                                    "top": "0",
                                    "right": "0",
                                    "bottom": "0",
                                    "left": "0",
                                    "isLinked": true
                                },
                                "typography_text_transform": "uppercase"
                            },
                            "elements": [],
                            "isInner": false,
                            "widgetType": "heading",
                            "elType": "widget"
                        },
                        {
                            "id": "36f48af",
                            "settings": {
                                "title": "Contact Us",
                                "align": "center",
                                "title_color": "#ffffff",
                                "typography_typography": "custom",
                                "typography_font_family": "Source Sans Pro",
                                "typography_font_size": {
                                    "unit": "px",
                                    "size": 124
                                },
                                "typography_font_weight": "900",
                                "typography_letter_spacing": {
                                    "unit": "px",
                                    "size": -5
                                },
                                "text_shadow_text_shadow_type": "yes",
                                "text_shadow_text_shadow": {
                                    "horizontal": 0,
                                    "vertical": 0,
                                    "blur": 4,
                                    "color": "rgba(0,0,0,0.2)"
                                },
                                "typography_font_size_mobile": {
                                    "unit": "px",
                                    "size": 80
                                },
                                "header_size": "h1"
                            },
                            "elements": [],
                            "isInner": false,
                            "widgetType": "heading",
                            "elType": "widget"
                        }
                    ],
                    "isInner": false,
                    "elType": "column"
                }
            ],
            "isInner": false,
            "elType": "section"
        },
        {
            "id": "14f15ca3",
            "settings": {
                "background_background": "gradient",
                "background_color": "#4C24CB",
                "background_repeat": "no-repeat",
                "background_size": "contain",
                "padding": {
                    "unit": "em",
                    "top": "6",
                    "right": "0",
                    "bottom": "0",
                    "left": "0",
                    "isLinked": false
                },
                "background_color_b": "#F3278A",
                "background_overlay_background": "classic",
                "background_overlay_image": {
                    "id": 9,
                    "url": "https:\/\/wp.envatoextensions.com\/collection-38\/wp-content\/uploads\/sites\/41\/2018\/07\/bg-png5.png"
                },
                "background_overlay_position": "center center",
                "background_overlay_opacity": {
                    "unit": "px",
                    "size": 1
                },
                "shape_divider_bottom": "curve",
                "shape_divider_bottom_width": {
                    "unit": "%",
                    "size": 107
                },
                "shape_divider_bottom_height": {
                    "unit": "px",
                    "size": 192
                },
                "shape_divider_bottom_color": "#ffffff",
                "background_overlay_size": "auto",
                "shape_divider_bottom_width_mobile": {
                    "unit": "%",
                    "size": 214
                },
                "content_position": "middle",
                "background_overlay_repeat": "no-repeat",
                "shape_divider_bottom_height_mobile": {
                    "unit": "px",
                    "size": 477
                },
                "padding_mobile": {
                    "unit": "em",
                    "top": "5",
                    "right": "1",
                    "bottom": "5",
                    "left": "1",
                    "isLinked": false
                },
                "padding_tablet": {
                    "unit": "em",
                    "top": "5",
                    "right": "2",
                    "bottom": "10",
                    "left": "2",
                    "isLinked": false
                }
            },
            "elements": [
                {
                    "id": "38ded624",
                    "settings": {
                        "_column_size": 100,
                        "_inline_size": null
                    },
                    "elements": [
                        {
                            "id": "62a1d348",
                            "settings": {
                                "title": "Need Help?",
                                "align": "center",
                                "title_color": "#ffffff",
                                "typography_typography": "custom",
                                "typography_font_family": "Source Sans Pro",
                                "typography_font_size": {
                                    "unit": "px",
                                    "size": 76
                                },
                                "typography_font_weight": "900",
                                "typography_letter_spacing": {
                                    "unit": "px",
                                    "size": -5
                                },
                                "text_shadow_text_shadow": {
                                    "horizontal": 0,
                                    "vertical": 0,
                                    "blur": 4,
                                    "color": "rgba(0,0,0,0.2)"
                                },
                                "typography_font_size_mobile": {
                                    "unit": "px",
                                    "size": 58
                                },
                                "align_mobile": "left",
                                "typography_font_size_tablet": {
                                    "unit": "px",
                                    "size": 60
                                },
                                "typography_line_height": {
                                    "unit": "px",
                                    "size": 90
                                },
                                "typography_line_height_tablet": {
                                    "unit": "em",
                                    "size": 1.1000000000000001
                                },
                                "typography_letter_spacing_tablet": {
                                    "unit": "px",
                                    "size": -1.5
                                },
                                "_margin": {
                                    "unit": "px",
                                    "top": "0",
                                    "right": "0",
                                    "bottom": "0",
                                    "left": "0",
                                    "isLinked": false
                                },
                                "_animation": "fadeIn"
                            },
                            "elements": [],
                            "isInner": false,
                            "widgetType": "heading",
                            "elType": "widget"
                        },
                        {
                            "id": "6296932a",
                            "settings": {
                                "structure": "30",
                                "padding": {
                                    "unit": "em",
                                    "top": "0",
                                    "right": "0",
                                    "bottom": "3",
                                    "left": "0",
                                    "isLinked": false
                                },
                                "content_position": "top",
                                "padding_mobile": {
                                    "unit": "px",
                                    "top": "0",
                                    "right": "0",
                                    "bottom": "0",
                                    "left": "0",
                                    "isLinked": true
                                }
                            },
                            "elements": [
                                {
                                    "id": "7369f44b",
                                    "settings": {
                                        "_column_size": 33,
                                        "_inline_size": null,
                                        "background_background": "classic",
                                        "background_color": "#3d3aeb",
                                        "margin": {
                                            "unit": "px",
                                            "top": "5",
                                            "right": "5",
                                            "bottom": "5",
                                            "left": "5",
                                            "isLinked": true
                                        },
                                        "padding": {
                                            "unit": "em",
                                            "top": "2",
                                            "right": "2",
                                            "bottom": "2",
                                            "left": "2",
                                            "isLinked": true
                                        },
                                        "animation": "fadeIn",
                                        "animation_delay": 200,
                                        "border_radius": {
                                            "unit": "px",
                                            "top": "6",
                                            "right": "6",
                                            "bottom": "6",
                                            "left": "6",
                                            "isLinked": true
                                        },
                                        "margin_tablet": {
                                            "unit": "px",
                                            "top": "5",
                                            "right": "5",
                                            "bottom": "5",
                                            "left": "5",
                                            "isLinked": true
                                        }
                                    },
                                    "elements": [
                                        {
                                            "id": "8f0a95",
                                            "settings": {
                                                "icon": "fa fa-support",
                                                "primary_color": "#3b7ced",
                                                "size": {
                                                    "unit": "px",
                                                    "size": 78
                                                },
                                                "align": "left",
                                                "hover_animation": "grow",
                                                "align_mobile": "center"
                                            },
                                            "elements": [],
                                            "isInner": false,
                                            "widgetType": "icon",
                                            "elType": "widget"
                                        },
                                        {
                                            "id": "44141811",
                                            "settings": {
                                                "title": "Get Support",
                                                "align": "left",
                                                "typography_typography": "custom",
                                                "typography_font_family": "Source Sans Pro",
                                                "typography_font_size": {
                                                    "unit": "px",
                                                    "size": 25
                                                },
                                                "typography_font_weight": "bold",
                                                "typography_text_transform": "uppercase",
                                                "typography_line_height": {
                                                    "unit": "em",
                                                    "size": 0.90000000000000002
                                                },
                                                "typography_letter_spacing": {
                                                    "unit": "px",
                                                    "size": 6
                                                },
                                                "_margin": {
                                                    "unit": "px",
                                                    "top": "0",
                                                    "right": "0",
                                                    "bottom": "0",
                                                    "left": "0",
                                                    "isLinked": false
                                                },
                                                "_padding": {
                                                    "unit": "px",
                                                    "top": "0",
                                                    "right": "0",
                                                    "bottom": "0",
                                                    "left": "0",
                                                    "isLinked": false
                                                },
                                                "typography_font_size_tablet": {
                                                    "unit": "px",
                                                    "size": 21
                                                },
                                                "typography_letter_spacing_tablet": {
                                                    "unit": "px",
                                                    "size": 2
                                                },
                                                "align_mobile": "center",
                                                "title_color": "#ffffff"
                                            },
                                            "elements": [],
                                            "isInner": false,
                                            "widgetType": "heading",
                                            "elType": "widget"
                                        },
                                        {
                                            "id": "61200810",
                                            "settings": {
                                                "typography_typography": "custom",
                                                "typography_font_size": {
                                                    "unit": "rem",
                                                    "size": 1
                                                },
                                                "typography_line_height": {
                                                    "unit": "em",
                                                    "size": 1.8
                                                },
                                                "editor": "<p>Click edit button to change this text. Lorem ipsum dolor sit amet, consectetur adipiscing elit. Ut elit tellus, luctus nec ullamcorper mattis, pulvinar dapibus leo.<\/p>",
                                                "_background_background": "classic",
                                                "text_color": "#ffffff"
                                            },
                                            "elements": [],
                                            "isInner": false,
                                            "widgetType": "text-editor",
                                            "elType": "widget"
                                        }
                                    ],
                                    "isInner": true,
                                    "elType": "column"
                                },
                                {
                                    "id": "7e2782b2",
                                    "settings": {
                                        "_column_size": 33,
                                        "_inline_size": null,
                                        "background_background": "classic",
                                        "background_color": "#f3278a",
                                        "margin": {
                                            "unit": "px",
                                            "top": "5",
                                            "right": "5",
                                            "bottom": "5",
                                            "left": "5",
                                            "isLinked": true
                                        },
                                        "padding": {
                                            "unit": "em",
                                            "top": "2",
                                            "right": "2",
                                            "bottom": "2",
                                            "left": "2",
                                            "isLinked": true
                                        },
                                        "animation": "fadeIn",
                                        "animation_delay": 200,
                                        "border_radius": {
                                            "unit": "px",
                                            "top": "6",
                                            "right": "6",
                                            "bottom": "6",
                                            "left": "6",
                                            "isLinked": true
                                        },
                                        "box_shadow_hover_box_shadow": {
                                            "horizontal": 6,
                                            "vertical": 5,
                                            "blur": 19,
                                            "spread": 9,
                                            "color": "rgba(0,0,0,0.38)"
                                        },
                                        "margin_tablet": {
                                            "unit": "px",
                                            "top": "5",
                                            "right": "0",
                                            "bottom": "5",
                                            "left": "0",
                                            "isLinked": false
                                        }
                                    },
                                    "elements": [
                                        {
                                            "id": "67f1dfb5",
                                            "settings": {
                                                "icon": "fa fa-book",
                                                "primary_color": "#ff488a",
                                                "size": {
                                                    "unit": "px",
                                                    "size": 78
                                                },
                                                "align": "left",
                                                "hover_animation": "shrink",
                                                "align_mobile": "center"
                                            },
                                            "elements": [],
                                            "isInner": false,
                                            "widgetType": "icon",
                                            "elType": "widget"
                                        },
                                        {
                                            "id": "254f9156",
                                            "settings": {
                                                "title": "Knowledgebase",
                                                "align": "left",
                                                "typography_typography": "custom",
                                                "typography_font_family": "Source Sans Pro",
                                                "typography_font_size": {
                                                    "unit": "px",
                                                    "size": 25
                                                },
                                                "typography_font_weight": "bold",
                                                "typography_letter_spacing": {
                                                    "unit": "px",
                                                    "size": 6
                                                },
                                                "typography_font_size_tablet": {
                                                    "unit": "px",
                                                    "size": 21
                                                },
                                                "typography_text_transform": "uppercase",
                                                "typography_line_height": {
                                                    "unit": "em",
                                                    "size": 0.90000000000000002
                                                },
                                                "typography_letter_spacing_tablet": {
                                                    "unit": "px",
                                                    "size": 2
                                                },
                                                "_margin": {
                                                    "unit": "px",
                                                    "top": "0",
                                                    "right": "0",
                                                    "bottom": "0",
                                                    "left": "0",
                                                    "isLinked": false
                                                },
                                                "_padding": {
                                                    "unit": "px",
                                                    "top": "0",
                                                    "right": "0",
                                                    "bottom": "0",
                                                    "left": "0",
                                                    "isLinked": false
                                                },
                                                "align_mobile": "center",
                                                "title_color": "#ffffff"
                                            },
                                            "elements": [],
                                            "isInner": false,
                                            "widgetType": "heading",
                                            "elType": "widget"
                                        },
                                        {
                                            "id": "72704144",
                                            "settings": {
                                                "typography_typography": "custom",
                                                "typography_font_size": {
                                                    "unit": "rem",
                                                    "size": 1
                                                },
                                                "typography_line_height": {
                                                    "unit": "em",
                                                    "size": 1.8
                                                },
                                                "_background_background": "classic",
                                                "editor": "<p>Lorem ipsum dolor sit amet, consectetur adipiscing elit. Ut elit tellus, luctus nec ullamcorper mattis, pulvinar dapibus leo.<\/p>",
                                                "text_color": "#ffffff"
                                            },
                                            "elements": [],
                                            "isInner": false,
                                            "widgetType": "text-editor",
                                            "elType": "widget"
                                        }
                                    ],
                                    "isInner": true,
                                    "elType": "column"
                                },
                                {
                                    "id": "6a391e60",
                                    "settings": {
                                        "_column_size": 33,
                                        "_inline_size": null,
                                        "background_background": "classic",
                                        "background_color": "#7000e0",
                                        "margin": {
                                            "unit": "px",
                                            "top": "5",
                                            "right": "5",
                                            "bottom": "5",
                                            "left": "5",
                                            "isLinked": true
                                        },
                                        "margin_tablet": {
                                            "unit": "px",
                                            "top": "5",
                                            "right": "5",
                                            "bottom": "5",
                                            "left": "5",
                                            "isLinked": true
                                        },
                                        "padding": {
                                            "unit": "em",
                                            "top": "2",
                                            "right": "2",
                                            "bottom": "2",
                                            "left": "2",
                                            "isLinked": true
                                        },
                                        "animation": "fadeIn",
                                        "animation_delay": 200,
                                        "border_radius": {
                                            "unit": "px",
                                            "top": "6",
                                            "right": "6",
                                            "bottom": "6",
                                            "left": "6",
                                            "isLinked": true
                                        }
                                    },
                                    "elements": [
                                        {
                                            "id": "3d310e5b",
                                            "settings": {
                                                "icon": "fa fa-code",
                                                "primary_color": "#9353ed",
                                                "size": {
                                                    "unit": "px",
                                                    "size": 78
                                                },
                                                "align": "left",
                                                "hover_animation": "float",
                                                "align_mobile": "center"
                                            },
                                            "elements": [],
                                            "isInner": false,
                                            "widgetType": "icon",
                                            "elType": "widget"
                                        },
                                        {
                                            "id": "4b789b20",
                                            "settings": {
                                                "title": "Code Snippets",
                                                "align": "left",
                                                "typography_typography": "custom",
                                                "typography_font_size": {
                                                    "unit": "px",
                                                    "size": 25
                                                },
                                                "typography_font_weight": "bold",
                                                "typography_letter_spacing": {
                                                    "unit": "px",
                                                    "size": 6
                                                },
                                                "typography_font_size_tablet": {
                                                    "unit": "px",
                                                    "size": 21
                                                },
                                                "typography_text_transform": "uppercase",
                                                "typography_line_height": {
                                                    "unit": "em",
                                                    "size": 0.90000000000000002
                                                },
                                                "typography_letter_spacing_tablet": {
                                                    "unit": "px",
                                                    "size": 2
                                                },
                                                "_margin": {
                                                    "unit": "px",
                                                    "top": "0",
                                                    "right": "0",
                                                    "bottom": "0",
                                                    "left": "0",
                                                    "isLinked": false
                                                },
                                                "_padding": {
                                                    "unit": "px",
                                                    "top": "0",
                                                    "right": "0",
                                                    "bottom": "0",
                                                    "left": "0",
                                                    "isLinked": false
                                                },
                                                "align_mobile": "center",
                                                "title_color": "#ffffff",
                                                "typography_font_family": "Source Sans Pro"
                                            },
                                            "elements": [],
                                            "isInner": false,
                                            "widgetType": "heading",
                                            "elType": "widget"
                                        },
                                        {
                                            "id": "766e020f",
                                            "settings": {
                                                "typography_typography": "custom",
                                                "typography_font_size": {
                                                    "unit": "rem",
                                                    "size": 1
                                                },
                                                "typography_line_height": {
                                                    "unit": "em",
                                                    "size": 1.8
                                                },
                                                "_background_background": "classic",
                                                "editor": "<p>Lorem ipsum dolor sit amet, consectetur adipiscing elit. Ut elit tellus, luctus nec ullamcorper mattis, pulvinar dapibus leo.<\/p>",
                                                "text_color": "#ffffff"
                                            },
                                            "elements": [],
                                            "isInner": false,
                                            "widgetType": "text-editor",
                                            "elType": "widget"
                                        }
                                    ],
                                    "isInner": true,
                                    "elType": "column"
                                }
                            ],
                            "isInner": true,
                            "elType": "section"
                        },
                        {
                            "id": "1fff1a57",
                            "settings": {
                                "margin": {
                                    "unit": "px",
                                    "top": "0",
                                    "right": 0,
                                    "bottom": "0",
                                    "left": 0,
                                    "isLinked": true
                                },
                                "padding": {
                                    "unit": "em",
                                    "top": "0",
                                    "right": "0",
                                    "bottom": "0",
                                    "left": "0",
                                    "isLinked": true
                                },
                                "padding_mobile": {
                                    "unit": "em",
                                    "top": "2",
                                    "right": "0",
                                    "bottom": "2",
                                    "left": "0",
                                    "isLinked": false
                                }
                            },
                            "elements": [
                                {
                                    "id": "4e9dfb5a",
                                    "settings": {
                                        "_column_size": 100,
                                        "_inline_size": null,
                                        "content_position": "center",
                                        "margin": {
                                            "unit": "px",
                                            "top": "0",
                                            "right": "0",
                                            "bottom": "0",
                                            "left": "0",
                                            "isLinked": true
                                        },
                                        "padding": {
                                            "unit": "px",
                                            "top": "0",
                                            "right": "0",
                                            "bottom": "0",
                                            "left": "0",
                                            "isLinked": true
                                        }
                                    },
                                    "elements": [
                                        {
                                            "id": "3956a2c6",
                                            "settings": {
                                                "text": "get support",
                                                "typography_typography": "custom",
                                                "typography_font_family": "Source Sans Pro",
                                                "typography_font_size": {
                                                    "unit": "px",
                                                    "size": 18
                                                },
                                                "typography_font_weight": "bold",
                                                "typography_text_decoration": "none",
                                                "typography_line_height": {
                                                    "unit": "em",
                                                    "size": 1.3999999999999999
                                                },
                                                "typography_letter_spacing": {
                                                    "unit": "px",
                                                    "size": 3
                                                },
                                                "button_text_color": "#ffffff",
                                                "background_color": "#4C24CB",
                                                "border_width": {
                                                    "unit": "px",
                                                    "top": "1",
                                                    "right": "1",
                                                    "bottom": "1",
                                                    "left": "1",
                                                    "isLinked": true
                                                },
                                                "border_color": "rgba(255,255,255,0.4)",
                                                "border_radius": {
                                                    "unit": "px",
                                                    "top": "60",
                                                    "right": "60",
                                                    "bottom": "60",
                                                    "left": "60",
                                                    "isLinked": true
                                                },
                                                "button_box_shadow_box_shadow_type": "yes",
                                                "button_box_shadow_box_shadow": {
                                                    "horizontal": 6,
                                                    "vertical": 6,
                                                    "blur": 100,
                                                    "spread": 19,
                                                    "color": "rgba(0,0,0,0.29)"
                                                },
                                                "text_padding": {
                                                    "unit": "px",
                                                    "top": "16",
                                                    "right": "26",
                                                    "bottom": "16",
                                                    "left": "26",
                                                    "isLinked": false
                                                },
                                                "_margin": {
                                                    "unit": "px",
                                                    "top": "0",
                                                    "right": "0",
                                                    "bottom": "0",
                                                    "left": "0",
                                                    "isLinked": false
                                                },
                                                "_padding": {
                                                    "unit": "em",
                                                    "top": "4",
                                                    "right": "0",
                                                    "bottom": "0",
                                                    "left": "0",
                                                    "isLinked": false
                                                },
                                                "align": "center",
                                                "align_mobile": "center",
                                                "typography_font_size_mobile": {
                                                    "unit": "px",
                                                    "size": 13
                                                },
                                                "typography_text_transform": "uppercase",
                                                "text_padding_mobile": {
                                                    "unit": "px",
                                                    "top": "15",
                                                    "right": "15",
                                                    "bottom": "15",
                                                    "left": "15",
                                                    "isLinked": true
                                                },
                                                "_animation": "zoomIn",
                                                "_css_classes": "envato-kit-38-radial-out",
                                                "selected_icon": {
                                                    "value": "fas fa-arrow-circle-right",
                                                    "library": "fa-solid"
                                                },
                                                "icon_align": "right"
                                            },
                                            "elements": [],
                                            "isInner": false,
                                            "widgetType": "button",
                                            "elType": "widget"
                                        }
                                    ],
                                    "isInner": true,
                                    "elType": "column"
                                }
                            ],
                            "isInner": true,
                            "elType": "section"
                        },
                        {
                            "id": "6dfb03cf",
                            "settings": {
                                "structure": "20",
                                "margin_mobile": {
                                    "unit": "px",
                                    "top": "0",
                                    "right": 0,
                                    "bottom": "0",
                                    "left": 0,
                                    "isLinked": true
                                },
                                "padding": {
                                    "unit": "em",
                                    "top": "2",
                                    "right": "2",
                                    "bottom": "2",
                                    "left": "2",
                                    "isLinked": true
                                },
                                "padding_mobile": {
                                    "unit": "px",
                                    "top": "0",
                                    "right": "0",
                                    "bottom": "0",
                                    "left": "0",
                                    "isLinked": true
                                }
                            },
                            "elements": [
                                {
                                    "id": "7b7df593",
                                    "settings": {
                                        "_column_size": 50,
                                        "_inline_size": null,
                                        "_inline_size_tablet": 50,
                                        "_inline_size_mobile": 100,
                                        "margin_mobile": {
                                            "unit": "px",
                                            "top": "0",
                                            "right": "0",
                                            "bottom": "0",
                                            "left": "0",
                                            "isLinked": true
                                        },
                                        "padding_mobile": {
                                            "unit": "px",
                                            "top": "0",
                                            "right": "0",
                                            "bottom": "0",
                                            "left": "0",
                                            "isLinked": true
                                        },
                                        "animation": "fadeInDown",
                                        "animation_delay": 200
                                    },
                                    "elements": [
                                        {
                                            "id": "30e17664",
                                            "settings": {
                                                "title": "us@oursite.co &nbsp;",
                                                "header_size": "h3",
                                                "align": "right",
                                                "title_color": "#F3278A",
                                                "_padding": {
                                                    "unit": "em",
                                                    "top": "0",
                                                    "right": "0",
                                                    "bottom": "0",
                                                    "left": "1",
                                                    "isLinked": false
                                                },
                                                "typography_typography": "custom",
                                                "typography_font_size": {
                                                    "unit": "rem",
                                                    "size": 1
                                                },
                                                "typography_line_height": {
                                                    "unit": "em",
                                                    "size": 2.1000000000000001
                                                },
                                                "align_mobile": "center",
                                                "typography_text_transform": "lowercase"
                                            },
                                            "elements": [],
                                            "isInner": false,
                                            "widgetType": "heading",
                                            "elType": "widget"
                                        }
                                    ],
                                    "isInner": true,
                                    "elType": "column"
                                },
                                {
                                    "id": "1bc1e050",
                                    "settings": {
                                        "_column_size": 50,
                                        "_inline_size": null,
                                        "_inline_size_tablet": 50,
                                        "animation": "fadeInDown",
                                        "animation_delay": 200
                                    },
                                    "elements": [
                                        {
                                            "id": "3ddbbd30",
                                            "settings": {
                                                "social_icon_list": [
                                                    {
                                                        "social": "fa fa-facebook",
                                                        "_id": "25cf035",
                                                        "link": {
                                                            "url": "",
                                                            "is_external": "true",
                                                            "nofollow": ""
                                                        },
                                                        "social_icon": {
                                                            "value": "fab fa-facebook-f",
                                                            "library": "fa-brands"
                                                        },
                                                        "item_icon_color": "default",
                                                        "item_icon_primary_color": "",
                                                        "item_icon_secondary_color": "",
                                                        "__fa4_migrated": {
                                                            "social_icon": true
                                                        }
                                                    },
                                                    {
                                                        "social": "fa fa-dribbble",
                                                        "_id": "abb6a83",
                                                        "link": {
                                                            "url": "",
                                                            "is_external": "true",
                                                            "nofollow": ""
                                                        },
                                                        "social_icon": {
                                                            "value": "fab fa-dribbble",
                                                            "library": "fa-brands"
                                                        },
                                                        "item_icon_color": "default",
                                                        "item_icon_primary_color": "",
                                                        "item_icon_secondary_color": "",
                                                        "__fa4_migrated": {
                                                            "social_icon": true
                                                        }
                                                    },
                                                    {
                                                        "social": "fa fa-twitter",
                                                        "_id": "0caeeb9",
                                                        "link": {
                                                            "url": "",
                                                            "is_external": "true",
                                                            "nofollow": ""
                                                        },
                                                        "social_icon": {
                                                            "value": "fab fa-twitter",
                                                            "library": "fa-brands"
                                                        },
                                                        "item_icon_color": "default",
                                                        "item_icon_primary_color": "",
                                                        "item_icon_secondary_color": "",
                                                        "__fa4_migrated": {
                                                            "social_icon": true
                                                        }
                                                    },
                                                    {
                                                        "social": "fa fa-instagram",
                                                        "link": {
                                                            "url": "",
                                                            "is_external": "true",
                                                            "nofollow": ""
                                                        },
                                                        "_id": "d08179a",
                                                        "social_icon": {
                                                            "value": "fab fa-instagram",
                                                            "library": "fa-brands"
                                                        },
                                                        "item_icon_color": "default",
                                                        "item_icon_primary_color": "",
                                                        "item_icon_secondary_color": "",
                                                        "__fa4_migrated": {
                                                            "social_icon": true
                                                        }
                                                    }
                                                ],
                                                "icon_color": "custom",
                                                "icon_primary_color": "rgba(196,255,58,0)",
                                                "icon_secondary_color": "#F3278A",
                                                "icon_size": {
                                                    "unit": "px",
                                                    "size": 21
                                                },
                                                "icon_padding": {
                                                    "unit": "em",
                                                    "size": 0.40000000000000002
                                                },
                                                "icon_spacing": {
                                                    "unit": "px",
                                                    "size": 23
                                                },
                                                "hover_secondary_color": "#342562",
                                                "hover_animation": "pulse",
                                                "border_radius": {
                                                    "unit": "%",
                                                    "top": "",
                                                    "right": "",
                                                    "bottom": "",
                                                    "left": "",
                                                    "isLinked": true
                                                },
                                                "shape": "circle",
                                                "align": "left",
                                                "align_mobile": "center",
                                                "icon_size_mobile": {
                                                    "unit": "px",
                                                    "size": 25
                                                },
                                                "hover_primary_color": "#e62c91"
                                            },
                                            "elements": [],
                                            "isInner": false,
                                            "widgetType": "social-icons",
                                            "elType": "widget"
                                        }
                                    ],
                                    "isInner": true,
                                    "elType": "column"
                                }
                            ],
                            "isInner": true,
                            "elType": "section"
                        }
                    ],
                    "isInner": false,
                    "elType": "column"
                }
            ],
            "isInner": false,
            "elType": "section"
        },
        {
            "id": "62c9b730",
            "settings": {
                "height": "min-height",
                "custom_height": {
                    "unit": "px",
                    "size": 225
                },
                "background_background": "classic",
                "background_color": "#FFFFFF",
                "background_color_stop": {
                    "unit": "%",
                    "size": 46
                },
                "background_color_b": "#004cbf",
                "background_color_b_stop": {
                    "unit": "%",
                    "size": 90
                },
                "background_position": "bottom center",
                "background_repeat": "no-repeat",
                "background_size": "cover",
                "margin_mobile": {
                    "unit": "px",
                    "top": "0",
                    "right": 0,
                    "bottom": "0",
                    "left": 0,
                    "isLinked": true
                },
                "padding": {
                    "unit": "em",
                    "top": "4",
                    "right": "2",
                    "bottom": "0",
                    "left": "2",
                    "isLinked": false
                },
                "padding_mobile": {
                    "unit": "em",
                    "top": "3",
                    "right": "1",
                    "bottom": "3",
                    "left": "1",
                    "isLinked": false
                },
                "background_attachment": "fixed",
                "background_overlay_image": {
                    "url": "https:\/\/wp.envatoextensions.com\/collection-38\/wp-content\/uploads\/sites\/41\/2018\/07\/bg2.png",
                    "id": 7
                },
                "background_overlay_position": "center center",
                "background_overlay_attachment": "fixed",
                "background_overlay_repeat": "no-repeat",
                "background_overlay_size": "auto",
                "background_overlay_opacity": {
                    "unit": "px",
                    "size": 0.92000000000000004
                },
                "css_filters_blur": {
                    "unit": "px",
                    "size": 10
                },
                "css_filters_brightness": {
                    "unit": "px",
                    "size": 60
                },
                "css_filters_contrast": {
                    "unit": "px",
                    "size": 200
                },
                "css_filters_saturate": {
                    "unit": "px",
                    "size": 200
                },
                "css_filters_hue": {
                    "unit": "px",
                    "size": 360
                },
                "shape_divider_bottom_color": "#7a28ed",
                "shape_divider_bottom_width": {
                    "unit": "%",
                    "size": 119
                },
                "shape_divider_bottom_height": {
                    "unit": "px",
                    "size": 182
                },
                "shape_divider_bottom_height_mobile": {
                    "unit": "px",
                    "size": 77
                },
                "margin": {
                    "unit": "px",
                    "top": "0",
                    "right": 0,
                    "bottom": "0",
                    "left": 0,
                    "isLinked": false
                },
                "z_index": 0,
                "padding_tablet": {
                    "unit": "em",
                    "top": "2",
                    "right": "2",
                    "bottom": "2",
                    "left": "2",
                    "isLinked": true
                },
                "background_image": {
                    "url": "https:\/\/wp.envatoextensions.com\/collection-38\/wp-content\/uploads\/sites\/41\/2018\/07\/web-agency-bg-overlay.png",
                    "id": 908
                }
            },
            "elements": [
                {
                    "id": "2b4564e9",
                    "settings": {
                        "_column_size": 100,
                        "_inline_size": null,
                        "content_position": "center",
                        "margin_mobile": {
                            "unit": "px",
                            "top": "0",
                            "right": "0",
                            "bottom": "0",
                            "left": "0",
                            "isLinked": true
                        },
                        "padding": {
                            "unit": "em",
                            "top": "2",
                            "right": "4",
                            "bottom": "0",
                            "left": "0",
                            "isLinked": false
                        },
                        "padding_mobile": {
                            "unit": "px",
                            "top": "0",
                            "right": "0",
                            "bottom": "0",
                            "left": "0",
                            "isLinked": true
                        },
                        "margin_tablet": {
                            "unit": "px",
                            "top": "0",
                            "right": "0",
                            "bottom": "0",
                            "left": "0",
                            "isLinked": false
                        },
                        "padding_tablet": {
                            "unit": "px",
                            "top": "0",
                            "right": "0",
                            "bottom": "0",
                            "left": "0",
                            "isLinked": true
                        },
                        "margin": {
                            "unit": "px",
                            "top": "0",
                            "right": "0",
                            "bottom": "0",
                            "left": "0",
                            "isLinked": true
                        }
                    },
                    "elements": [
                        {
                            "id": "5c155ec4",
                            "settings": {
                                "structure": "20",
                                "margin_mobile": {
                                    "unit": "px",
                                    "top": "0",
                                    "right": 0,
                                    "bottom": "0",
                                    "left": 0,
                                    "isLinked": true
                                },
                                "padding_mobile": {
                                    "unit": "px",
                                    "top": "0",
                                    "right": "0",
                                    "bottom": "0",
                                    "left": "0",
                                    "isLinked": true
                                },
                                "margin": {
                                    "unit": "px",
                                    "top": "0",
                                    "right": 0,
                                    "bottom": "0",
                                    "left": 0,
                                    "isLinked": true
                                },
                                "padding": {
                                    "unit": "px",
                                    "top": "0",
                                    "right": "0",
                                    "bottom": "0",
                                    "left": "0",
                                    "isLinked": true
                                }
                            },
                            "elements": [
                                {
                                    "id": "515bb12e",
                                    "settings": {
                                        "_column_size": 50,
                                        "_inline_size": 40,
                                        "margin_mobile": {
                                            "unit": "px",
                                            "top": "0",
                                            "right": "0",
                                            "bottom": "0",
                                            "left": "0",
                                            "isLinked": true
                                        },
                                        "padding_mobile": {
                                            "unit": "px",
                                            "top": "0",
                                            "right": "0",
                                            "bottom": "0",
                                            "left": "0",
                                            "isLinked": true
                                        },
                                        "animation": "fadeInUp"
                                    },
                                    "elements": [
                                        {
                                            "id": "70ba9654",
                                            "settings": {
                                                "image": {
                                                    "url": "https:\/\/wp.envatoextensions.com\/collection-38\/wp-content\/uploads\/sites\/41\/2018\/07\/mixkit-man-sitting-in-front-of-a-fire-reading-from-a-66-original-large.jpg",
                                                    "id": 897
                                                },
                                                "width": {
                                                    "unit": "%",
                                                    "size": 100
                                                },
                                                "space": {
                                                    "unit": "%",
                                                    "size": 100
                                                },
                                                "css_filters_hue": {
                                                    "unit": "px",
                                                    "size": 175
                                                },
                                                "_margin": {
                                                    "unit": "px",
                                                    "top": "-40",
                                                    "right": "-120",
                                                    "bottom": "20",
                                                    "left": "0",
                                                    "isLinked": false
                                                },
                                                "_z_index": 2,
                                                "align_mobile": "center",
                                                "css_filters_brightness": {
                                                    "unit": "px",
                                                    "size": 111
                                                },
                                                "css_filters_contrast": {
                                                    "unit": "px",
                                                    "size": 104
                                                },
                                                "css_filters_saturate": {
                                                    "unit": "px",
                                                    "size": 200
                                                },
                                                "_margin_mobile": {
                                                    "unit": "px",
                                                    "top": "0",
                                                    "right": "0",
                                                    "bottom": "0",
                                                    "left": "0",
                                                    "isLinked": true
                                                },
                                                "image_size": "custom",
                                                "image_custom_dimension": {
                                                    "width": "1024",
                                                    "height": "768"
                                                },
                                                "align": "center",
                                                "image_border_radius": {
                                                    "unit": "px",
                                                    "top": "6",
                                                    "right": "6",
                                                    "bottom": "6",
                                                    "left": "6",
                                                    "isLinked": true
                                                }
                                            },
                                            "elements": [],
                                            "isInner": false,
                                            "widgetType": "image",
                                            "elType": "widget"
                                        }
                                    ],
                                    "isInner": true,
                                    "elType": "column"
                                },
                                {
                                    "id": "27efbca4",
                                    "settings": {
                                        "_column_size": 50,
                                        "_inline_size": 60,
                                        "background_background": "classic",
                                        "background_color": "#F3278A",
                                        "padding": {
                                            "unit": "%",
                                            "top": "4",
                                            "right": "20",
                                            "bottom": "4",
                                            "left": "25",
                                            "isLinked": false
                                        },
                                        "margin_mobile": {
                                            "unit": "px",
                                            "top": "0",
                                            "right": "0",
                                            "bottom": "0",
                                            "left": "0",
                                            "isLinked": true
                                        },
                                        "padding_tablet": {
                                            "unit": "%",
                                            "top": "7",
                                            "right": "5",
                                            "bottom": "5",
                                            "left": "32",
                                            "isLinked": false
                                        },
                                        "padding_mobile": {
                                            "unit": "em",
                                            "top": "2",
                                            "right": "2",
                                            "bottom": "2",
                                            "left": "2",
                                            "isLinked": true
                                        },
                                        "animation": "fadeInDown",
                                        "animation_delay": 600,
                                        "content_position": "center",
                                        "border_radius": {
                                            "unit": "px",
                                            "top": "11",
                                            "right": "11",
                                            "bottom": "11",
                                            "left": "11",
                                            "isLinked": true
                                        }
                                    },
                                    "elements": [
                                        {
                                            "id": "5d4eac7",
                                            "settings": {
                                                "title": "Our Company",
                                                "align": "left",
                                                "typography_font_family": "Source Sans Pro",
                                                "typography_font_size": {
                                                    "unit": "px",
                                                    "size": 25
                                                },
                                                "typography_font_weight": "bold",
                                                "typography_text_transform": "uppercase",
                                                "typography_line_height": {
                                                    "unit": "em",
                                                    "size": 0.90000000000000002
                                                },
                                                "typography_letter_spacing": {
                                                    "unit": "px",
                                                    "size": 6
                                                },
                                                "_margin": {
                                                    "unit": "px",
                                                    "top": "0",
                                                    "right": "0",
                                                    "bottom": "0",
                                                    "left": "0",
                                                    "isLinked": false
                                                },
                                                "_padding": {
                                                    "unit": "px",
                                                    "top": "0",
                                                    "right": "0",
                                                    "bottom": "0",
                                                    "left": "0",
                                                    "isLinked": false
                                                },
                                                "align_mobile": "center"
                                            },
                                            "elements": [],
                                            "isInner": false,
                                            "widgetType": "heading",
                                            "elType": "widget"
                                        },
                                        {
                                            "id": "2f55d7d4",
                                            "settings": {
                                                "editor": "<p>222 5th Ave S.<\/p><p>Los Angeles, CA 91222<\/p>",
                                                "typography_typography": "custom",
                                                "typography_font_size": {
                                                    "unit": "rem",
                                                    "size": 1.3
                                                },
                                                "typography_line_height": {
                                                    "unit": "em",
                                                    "size": 0.59999999999999998
                                                },
                                                "align_mobile": "center",
                                                "text_color": "#FFFFFF",
                                                "typography_font_weight": "600"
                                            },
                                            "elements": [],
                                            "isInner": false,
                                            "widgetType": "text-editor",
                                            "elType": "widget"
                                        },
                                        {
                                            "id": "3936d0e9",
                                            "settings": {
                                                "text": "213 - 222 - 7777",
                                                "typography_typography": "custom",
                                                "typography_font_family": "Montserrat",
                                                "typography_font_size": {
                                                    "unit": "px",
                                                    "size": 14
                                                },
                                                "typography_font_weight": "bold",
                                                "typography_text_decoration": "none",
                                                "typography_line_height": {
                                                    "unit": "em",
                                                    "size": 1.3999999999999999
                                                },
                                                "typography_letter_spacing": {
                                                    "unit": "px",
                                                    "size": 3
                                                },
                                                "button_text_color": "#FFFFFF",
                                                "background_color": "#4C24CB",
                                                "border_width": {
                                                    "unit": "px",
                                                    "top": "1",
                                                    "right": "1",
                                                    "bottom": "1",
                                                    "left": "1",
                                                    "isLinked": true
                                                },
                                                "border_color": "#e62c91",
                                                "border_radius": {
                                                    "unit": "px",
                                                    "top": "60",
                                                    "right": "60",
                                                    "bottom": "60",
                                                    "left": "60",
                                                    "isLinked": true
                                                },
                                                "button_box_shadow_box_shadow": {
                                                    "horizontal": 6,
                                                    "vertical": 6,
                                                    "blur": 100,
                                                    "spread": 19,
                                                    "color": "rgba(0,0,0,0.29)"
                                                },
                                                "text_padding": {
                                                    "unit": "px",
                                                    "top": "12",
                                                    "right": "20",
                                                    "bottom": "12",
                                                    "left": "20",
                                                    "isLinked": false
                                                },
                                                "_margin": {
                                                    "unit": "px",
                                                    "top": "0",
                                                    "right": "0",
                                                    "bottom": "0",
                                                    "left": "0",
                                                    "isLinked": false
                                                },
                                                "_padding": {
                                                    "unit": "px",
                                                    "top": "0",
                                                    "right": "0",
                                                    "bottom": "0",
                                                    "left": "0",
                                                    "isLinked": false
                                                },
                                                "typography_text_transform": "uppercase",
                                                "border_border": "solid",
                                                "_css_classes": "envato-kit-38-radial-out",
                                                "align_mobile": "center",
                                                "icon": "fa fa-phone",
                                                "selected_icon": {
                                                    "value": "fas fa-phone",
                                                    "library": "fa-solid"
                                                },
                                                "__fa4_migrated": {
                                                    "selected_icon": true
                                                }
                                            },
                                            "elements": [],
                                            "isInner": false,
                                            "widgetType": "button",
                                            "elType": "widget"
                                        }
                                    ],
                                    "isInner": true,
                                    "elType": "column"
                                }
                            ],
                            "isInner": true,
                            "elType": "section"
                        },
                        {
                            "id": "6867ac13",
                            "settings": {
                                "space": {
                                    "unit": "px",
                                    "size": 108
                                },
                                "_margin": {
                                    "unit": "px",
                                    "top": "0",
                                    "right": "0",
                                    "bottom": "-32",
                                    "left": "0",
                                    "isLinked": false
                                },
                                "_animation": "fadeInUp",
                                "_animation_delay": 400,
                                "_background_background": "classic",
                                "_background_image": {
                                    "url": "https:\/\/wp.envatoextensions.com\/collection-38\/wp-content\/uploads\/sites\/41\/2018\/07\/line.png",
                                    "id": 512
                                },
                                "_background_position": "center center",
                                "_background_repeat": "no-repeat",
                                "_background_size": "contain",
                                "_margin_tablet": {
                                    "unit": "px",
                                    "top": "30",
                                    "right": "0",
                                    "bottom": "0",
                                    "left": "0",
                                    "isLinked": false
                                },
                                "_z_index": 44
                            },
                            "elements": [],
                            "isInner": false,
                            "widgetType": "spacer",
                            "elType": "widget"
                        }
                    ],
                    "isInner": false,
                    "elType": "column"
                }
            ],
            "isInner": false,
            "elType": "section"
        },
        {
            "id": "2cf304f",
            "settings": {
                "stretch_section": "section-stretched",
                "layout": "full_width",
                "gap": "no",
                "shape_divider_top_color": "#ffffff",
                "shape_divider_top_width": {
                    "unit": "%",
                    "size": 110
                },
                "shape_divider_top_height": {
                    "unit": "px",
                    "size": 255
                },
                "shape_divider_top_height_mobile": {
                    "unit": "px",
                    "size": 86
                },
                "shape_divider_top_negative": "yes",
                "shape_divider_top_above_content": "yes",
                "margin": {
                    "unit": "px",
                    "top": "0",
                    "right": 0,
                    "bottom": "0",
                    "left": 0,
                    "isLinked": true
                },
                "background_background": "classic",
                "background_color": "#ffffff",
                "margin_tablet": {
                    "unit": "%",
                    "top": "0",
                    "right": 0,
                    "bottom": "0",
                    "left": 0,
                    "isLinked": false
                },
                "padding_tablet": {
                    "unit": "px",
                    "top": "0",
                    "right": "0",
                    "bottom": "0",
                    "left": "0",
                    "isLinked": false
                }
            },
            "elements": [
                {
                    "id": "9d6c95a",
                    "settings": {
                        "_column_size": 100
                    },
                    "elements": [
                        {
                            "id": "59f03c88",
                            "settings": {
                                "address": "noise 13 san francisco. CA",
                                "zoom": {
                                    "unit": "px",
                                    "size": 15
                                },
                                "height": {
                                    "unit": "px",
                                    "size": 484
                                },
                                "css_filters_css_filter": "custom",
                                "css_filters_brightness": {
                                    "unit": "px",
                                    "size": 103
                                },
                                "css_filters_contrast": {
                                    "unit": "px",
                                    "size": 106
                                },
                                "css_filters_saturate": {
                                    "unit": "px",
                                    "size": 200
                                },
                                "css_filters_hue": {
                                    "unit": "px",
                                    "size": 146
                                }
                            },
                            "elements": [],
                            "isInner": false,
                            "widgetType": "google_maps",
                            "elType": "widget"
                        }
                    ],
                    "isInner": false,
                    "elType": "column"
                }
            ],
            "isInner": false,
            "elType": "section"
        }
    ]
}