{
    "version": "0.4",
    "title": "FAQ",
    "type": "section",
    "metadata": {
        "template_type": "section",
        "elementor_pro_required": false,
        "wp_page_template": "default"
    },
    "content": [
        {
            "id": "4a71823e",
            "settings": {
                "background_background": "classic",
                "shape_divider_bottom_width": {
                    "unit": "%",
                    "size": 106
                },
                "shape_divider_bottom_height": {
                    "unit": "px",
                    "size": 340
                },
                "shape_divider_bottom_negative": "yes",
                "custom_height": {
                    "unit": "px",
                    "size": 712
                },
                "background_position": "center left",
                "background_repeat": "no-repeat",
                "background_size": "auto",
                "shape_divider_bottom": "curve",
                "shape_divider_bottom_color": "#FFFFFF",
                "shape_divider_bottom_flip": "yes",
                "padding": {
                    "unit": "px",
                    "top": "90",
                    "right": "0",
                    "bottom": "120",
                    "left": "0",
                    "isLinked": false
                },
                "background_overlay_background": "classic",
                "background_overlay_opacity": {
                    "unit": "px",
                    "size": 0.31
                },
                "shape_divider_bottom_width_mobile": {
                    "unit": "%",
                    "size": 257
                },
                "background_color": "#f3278a",
                "background_overlay_attachment": "fixed",
                "html_tag": "header",
                "padding_tablet": {
                    "unit": "em",
                    "top": "5",
                    "right": "2",
                    "bottom": "10",
                    "left": "2",
                    "isLinked": false
                },
                "padding_mobile": {
                    "unit": "em",
                    "top": "5",
                    "right": "1",
                    "bottom": "5",
                    "left": "1",
                    "isLinked": false
                },
                "background_image": {
                    "url": "https:\/\/wp.envatoextensions.com\/collection-38\/wp-content\/uploads\/sites\/41\/2018\/07\/web-agency-bg1.jpg",
                    "id": 894
                },
                "background_overlay_color": "#342562",
                "overlay_blend_mode": "overlay",
                "shape_divider_bottom_height_tablet": {
                    "unit": "px",
                    "size": 152,
                    "sizes": []
                },
                "shape_divider_bottom_height_mobile": {
                    "unit": "px",
                    "size": 500,
                    "sizes": []
                }
            },
            "elements": [
                {
                    "id": "6ade5e84",
                    "settings": {
                        "_column_size": 100,
                        "_inline_size": null
                    },
                    "elements": [
                        {
                            "id": "47141618",
                            "settings": {
                                "style": "wavy",
                                "weight": {
                                    "unit": "px",
                                    "size": 6
                                },
                                "color": "#E92E93",
                                "width": {
                                    "unit": "px",
                                    "size": 195
                                },
                                "gap": {
                                    "unit": "px",
                                    "size": 2
                                },
                                "align": "center",
                                "text": "Divider"
                            },
                            "elements": [],
                            "isInner": false,
                            "widgetType": "divider",
                            "elType": "widget"
                        },
                        {
                            "id": "43240a35",
                            "settings": {
                                "title": "knowledgebase",
                                "align": "center",
                                "title_color": "#ffffff",
                                "typography_typography": "custom",
                                "typography_font_family": "Source Sans Pro",
                                "typography_font_size": {
                                    "unit": "px",
                                    "size": 16
                                },
                                "typography_font_weight": "bold",
                                "typography_letter_spacing": {
                                    "unit": "px",
                                    "size": 6
                                },
                                "_margin": {
                                    "unit": "px",
                                    "top": "-12",
                                    "right": "0",
                                    "bottom": "-12",
                                    "left": "0",
                                    "isLinked": false
                                },
                                "_padding": {
                                    "unit": "px",
                                    "top": "0",
                                    "right": "0",
                                    "bottom": "0",
                                    "left": "0",
                                    "isLinked": true
                                },
                                "typography_text_transform": "uppercase"
                            },
                            "elements": [],
                            "isInner": false,
                            "widgetType": "heading",
                            "elType": "widget"
                        },
                        {
                            "id": "71bf1215",
                            "settings": {
                                "style": "wavy",
                                "weight": {
                                    "unit": "px",
                                    "size": 6
                                },
                                "color": "#E92E93",
                                "width": {
                                    "unit": "px",
                                    "size": 128
                                },
                                "gap": {
                                    "unit": "px",
                                    "size": 2
                                },
                                "align": "center",
                                "text": "Divider"
                            },
                            "elements": [],
                            "isInner": false,
                            "widgetType": "divider",
                            "elType": "widget"
                        },
                        {
                            "id": "44b9a464",
                            "settings": {
                                "title": "F.A.Q.",
                                "align": "center",
                                "title_color": "#ffffff",
                                "typography_font_family": "Source Sans Pro",
                                "typography_font_size": {
                                    "unit": "px",
                                    "size": 124
                                },
                                "typography_font_weight": "900",
                                "typography_letter_spacing": {
                                    "unit": "px",
                                    "size": -5
                                },
                                "text_shadow_text_shadow_type": "yes",
                                "text_shadow_text_shadow": {
                                    "horizontal": 0,
                                    "vertical": 0,
                                    "blur": 4,
                                    "color": "rgba(0,0,0,0.2)"
                                },
                                "typography_font_size_mobile": {
                                    "unit": "rem",
                                    "size": 5.2999999999999998
                                },
                                "header_size": "h1",
                                "typography_typography": "custom"
                            },
                            "elements": [],
                            "isInner": false,
                            "widgetType": "heading",
                            "elType": "widget"
                        }
                    ],
                    "isInner": false,
                    "elType": "column"
                }
            ],
            "isInner": false,
            "elType": "section"
        },
        {
            "id": "4bbb5845",
            "settings": {
                "background_background": "classic",
                "background_color": "#ffffff",
                "background_repeat": "no-repeat",
                "background_size": "contain",
                "padding": {
                    "unit": "em",
                    "top": "4",
                    "right": "0",
                    "bottom": "1",
                    "left": "0",
                    "isLinked": false
                },
                "background_color_b": "#004fef",
                "background_overlay_image": {
                    "id": 9,
                    "url": "https:\/\/wp.envatoextensions.com\/collection-38\/wp-content\/uploads\/sites\/41\/2018\/07\/bg-png5.png"
                },
                "background_overlay_position": "bottom center",
                "background_overlay_size": "auto",
                "background_overlay_opacity": {
                    "unit": "px",
                    "size": 1
                },
                "shape_divider_bottom_width": {
                    "unit": "%",
                    "size": 106
                },
                "shape_divider_bottom_height": {
                    "unit": "px",
                    "size": 340
                },
                "shape_divider_bottom_color": "#342562",
                "margin": {
                    "unit": "px",
                    "top": "0",
                    "right": 0,
                    "bottom": "0",
                    "left": 0,
                    "isLinked": false
                },
                "shape_divider_bottom_width_tablet": {
                    "unit": "%",
                    "size": 155
                },
                "shape_divider_bottom_width_mobile": {
                    "unit": "%",
                    "size": 221
                },
                "background_overlay_repeat": "no-repeat",
                "padding_mobile": {
                    "unit": "em",
                    "top": "3",
                    "right": "1",
                    "bottom": "3",
                    "left": "1",
                    "isLinked": false
                },
                "content_position": "middle",
                "background_image": {
                    "url": "https:\/\/wp.envatoextensions.com\/collection-38\/wp-content\/uploads\/sites\/41\/2018\/07\/web-agency-bg-overlay.png",
                    "id": 908
                },
                "background_attachment": "fixed",
                "shape_divider_top_color": "#7a28ed",
                "shape_divider_top_width": {
                    "unit": "%",
                    "size": 115
                },
                "shape_divider_top_height": {
                    "unit": "px",
                    "size": 204
                },
                "shape_divider_bottom_height_tablet": {
                    "unit": "px",
                    "size": 419
                },
                "shape_divider_bottom_height_mobile": {
                    "unit": "px",
                    "size": 500
                }
            },
            "elements": [
                {
                    "id": "6e4d1297",
                    "settings": {
                        "_column_size": 100,
                        "_inline_size": null,
                        "margin": {
                            "unit": "px",
                            "top": "0",
                            "right": "0",
                            "bottom": "0",
                            "left": "0",
                            "isLinked": false
                        },
                        "padding": {
                            "unit": "px",
                            "top": "0",
                            "right": "0",
                            "bottom": "0",
                            "left": "0",
                            "isLinked": true
                        },
                        "padding_tablet": {
                            "unit": "em",
                            "top": "2",
                            "right": "2",
                            "bottom": "2",
                            "left": "2",
                            "isLinked": true
                        },
                        "padding_mobile": {
                            "unit": "px",
                            "top": "10",
                            "right": "10",
                            "bottom": "10",
                            "left": "10",
                            "isLinked": true
                        }
                    },
                    "elements": [
                        {
                            "id": "3069d5d2",
                            "settings": {
                                "structure": "20"
                            },
                            "elements": [
                                {
                                    "id": "1751622c",
                                    "settings": {
                                        "_column_size": 50,
                                        "_inline_size": null,
                                        "margin": {
                                            "unit": "px",
                                            "top": "0",
                                            "right": "0",
                                            "bottom": "0",
                                            "left": "0",
                                            "isLinked": false
                                        },
                                        "margin_mobile": {
                                            "unit": "px",
                                            "top": "0",
                                            "right": "0",
                                            "bottom": "0",
                                            "left": "0",
                                            "isLinked": true
                                        },
                                        "padding": {
                                            "unit": "em",
                                            "top": "1",
                                            "right": "3",
                                            "bottom": "1",
                                            "left": "1",
                                            "isLinked": false
                                        },
                                        "padding_mobile": {
                                            "unit": "px",
                                            "top": "0",
                                            "right": "0",
                                            "bottom": "0",
                                            "left": "0",
                                            "isLinked": true
                                        }
                                    },
                                    "elements": [
                                        {
                                            "id": "63d131d",
                                            "settings": {
                                                "title": "Pre-Sale Questions",
                                                "align": "left",
                                                "title_color": "#342562",
                                                "typography_font_family": "Source Sans Pro",
                                                "typography_font_size": {
                                                    "unit": "px",
                                                    "size": 60
                                                },
                                                "typography_font_weight": "900",
                                                "typography_letter_spacing": {
                                                    "unit": "px",
                                                    "size": -3.5
                                                },
                                                "text_shadow_text_shadow": {
                                                    "horizontal": 0,
                                                    "vertical": 0,
                                                    "blur": 4,
                                                    "color": "rgba(0,0,0,0.2)"
                                                },
                                                "typography_typography": "custom",
                                                "typography_font_size_mobile": {
                                                    "unit": "rem",
                                                    "size": 2.5,
                                                    "sizes": []
                                                }
                                            },
                                            "elements": [],
                                            "isInner": false,
                                            "widgetType": "heading",
                                            "elType": "widget"
                                        },
                                        {
                                            "id": "6e8a8d51",
                                            "settings": {
                                                "text_color": "#342562",
                                                "typography_typography": "custom",
                                                "typography_font_size": {
                                                    "unit": "rem",
                                                    "size": 1
                                                },
                                                "typography_line_height": {
                                                    "unit": "em",
                                                    "size": 1.6000000000000001
                                                },
                                                "editor": "<p>Lorem ipsum dolor sit amet, consectetur adipiscing elit, sed do eiusmod tempor incididunt ut labore et dolore magna aliqua. Ut enim ad minim veniam, quis nostrud exercitation ullamco laboris nisi ut aliquip ex ea commodo consequat. Duis aute irure dolor in reprehenderit in voluptate velit esse cillum dolore eu fugiat nulla pariatur. Excepteur sint occaecat cupidatat non proident, sunt in culpa qui officia deserunt mollit anim id est laborum.<\/p>",
                                                "align_mobile": "center",
                                                "typography_font_family": "Noto Sans"
                                            },
                                            "elements": [],
                                            "isInner": false,
                                            "widgetType": "text-editor",
                                            "elType": "widget"
                                        }
                                    ],
                                    "isInner": true,
                                    "elType": "column"
                                },
                                {
                                    "id": "28d91513",
                                    "settings": {
                                        "_column_size": 50,
                                        "_inline_size": null,
                                        "margin_mobile": {
                                            "unit": "px",
                                            "top": "20",
                                            "right": "0",
                                            "bottom": "0",
                                            "left": "0",
                                            "isLinked": false
                                        },
                                        "padding_mobile": {
                                            "unit": "px",
                                            "top": "0",
                                            "right": "0",
                                            "bottom": "0",
                                            "left": "0",
                                            "isLinked": true
                                        }
                                    },
                                    "elements": [
                                        {
                                            "id": "47460bef",
                                            "settings": {
                                                "tabs": [
                                                    {
                                                        "tab_title": "How to contact us?",
                                                        "tab_content": "<p>I am item content. Click edit button to change this text. Lorem ipsum dolor sit amet, consectetur adipiscing elit. Ut elit tellus, luctus nec ullamcorper mattis, pulvinar dapibus leo.<\/p>",
                                                        "_id": "943cc11"
                                                    },
                                                    {
                                                        "tab_title": "What means support code?",
                                                        "tab_content": "<p>I am item content. Click edit button to change this text. Lorem ipsum dolor sit amet, consectetur adipiscing elit. Ut elit tellus, luctus nec ullamcorper mattis, pulvinar dapibus leo.<\/p>",
                                                        "_id": "ebe9443"
                                                    },
                                                    {
                                                        "tab_title": "How to design?",
                                                        "tab_content": "<p>I am item content. Click edit button to change this text. Lorem ipsum dolor sit amet, consectetur adipiscing elit. Ut elit tellus, luctus nec ullamcorper mattis, pulvinar dapibus leo.<\/p>",
                                                        "_id": "6f602b9"
                                                    },
                                                    {
                                                        "tab_title": "What is purchase code?",
                                                        "tab_content": "<p>I am item content. Click edit button to change this text. Lorem ipsum dolor sit amet, consectetur adipiscing elit. Ut elit tellus, luctus nec ullamcorper mattis, pulvinar dapibus leo.<\/p>",
                                                        "_id": "273cce8"
                                                    },
                                                    {
                                                        "tab_title": "How to install website?",
                                                        "tab_content": "<p>I am item content. Click edit button to change this text. Lorem ipsum dolor sit amet, consectetur adipiscing elit. Ut elit tellus, luctus nec ullamcorper mattis, pulvinar dapibus leo.<\/p>",
                                                        "_id": "d234016"
                                                    }
                                                ],
                                                "border_width": {
                                                    "unit": "px",
                                                    "size": 1
                                                },
                                                "title_color": "#e62c91",
                                                "tab_active_color": "#342562",
                                                "title_typography_typography": "custom",
                                                "title_typography_font_family": "Noto Sans",
                                                "title_typography_font_size": {
                                                    "unit": "rem",
                                                    "size": 0.90000000000000002
                                                },
                                                "title_typography_font_weight": "bold",
                                                "title_typography_line_height": {
                                                    "unit": "em",
                                                    "size": 1.1000000000000001
                                                },
                                                "title_typography_letter_spacing": {
                                                    "unit": "px",
                                                    "size": 1
                                                },
                                                "title_padding": {
                                                    "unit": "px",
                                                    "top": "25",
                                                    "right": "30",
                                                    "bottom": "25",
                                                    "left": "20",
                                                    "isLinked": false
                                                },
                                                "icon_align": "right",
                                                "content_typography_typography": "custom",
                                                "content_typography_font_size": {
                                                    "unit": "rem",
                                                    "size": 0.90000000000000002
                                                },
                                                "content_typography_line_height": {
                                                    "unit": "em",
                                                    "size": 1.8
                                                },
                                                "content_typography_letter_spacing": {
                                                    "unit": "px",
                                                    "size": ""
                                                },
                                                "content_padding": {
                                                    "unit": "px",
                                                    "top": "25",
                                                    "right": "25",
                                                    "bottom": "25",
                                                    "left": "20",
                                                    "isLinked": false
                                                },
                                                "_background_background": "classic",
                                                "_background_color": "#ffffff",
                                                "title_typography_text_transform": "uppercase",
                                                "_border_radius": {
                                                    "unit": "px",
                                                    "top": "11",
                                                    "right": "11",
                                                    "bottom": "11",
                                                    "left": "11",
                                                    "isLinked": true
                                                },
                                                "border_color": "#E7E6E7",
                                                "title_typography_font_style": "normal",
                                                "title_typography_text_decoration": "none",
                                                "content_color": "#342562",
                                                "content_typography_font_family": "Noto Sans"
                                            },
                                            "elements": [],
                                            "isInner": false,
                                            "widgetType": "accordion",
                                            "elType": "widget"
                                        }
                                    ],
                                    "isInner": true,
                                    "elType": "column"
                                }
                            ],
                            "isInner": true,
                            "elType": "section"
                        },
                        {
                            "id": "232f48bd",
                            "settings": {
                                "padding": {
                                    "unit": "px",
                                    "top": "0",
                                    "right": "0",
                                    "bottom": "10",
                                    "left": "0",
                                    "isLinked": false
                                },
                                "margin": {
                                    "unit": "px",
                                    "top": "70",
                                    "right": 0,
                                    "bottom": "0",
                                    "left": 0,
                                    "isLinked": false
                                }
                            },
                            "elements": [
                                {
                                    "id": "3a38f624",
                                    "settings": {
                                        "_column_size": 100,
                                        "_inline_size": null,
                                        "padding": {
                                            "unit": "px",
                                            "top": "0",
                                            "right": "0",
                                            "bottom": "0",
                                            "left": "0",
                                            "isLinked": true
                                        }
                                    },
                                    "elements": [
                                        {
                                            "id": "6d1127c",
                                            "settings": {
                                                "title": "How to install our software?",
                                                "align": "left",
                                                "title_color": "#342562",
                                                "typography_font_family": "Source Sans Pro",
                                                "typography_font_size": {
                                                    "unit": "px",
                                                    "size": 60
                                                },
                                                "typography_font_weight": "900",
                                                "typography_letter_spacing": {
                                                    "unit": "px",
                                                    "size": -3.5
                                                },
                                                "text_shadow_text_shadow": {
                                                    "horizontal": 0,
                                                    "vertical": 0,
                                                    "blur": 4,
                                                    "color": "rgba(0,0,0,0.2)"
                                                },
                                                "align_mobile": "center",
                                                "typography_typography": "custom",
                                                "typography_font_size_mobile": {
                                                    "unit": "rem",
                                                    "size": 2.5,
                                                    "sizes": []
                                                }
                                            },
                                            "elements": [],
                                            "isInner": false,
                                            "widgetType": "heading",
                                            "elType": "widget"
                                        }
                                    ],
                                    "isInner": true,
                                    "elType": "column"
                                }
                            ],
                            "isInner": true,
                            "elType": "section"
                        },
                        {
                            "id": "4aab5785",
                            "settings": {
                                "structure": "20",
                                "padding": {
                                    "unit": "px",
                                    "top": "0",
                                    "right": "0",
                                    "bottom": "10",
                                    "left": "0",
                                    "isLinked": false
                                },
                                "gap": "wider",
                                "margin": {
                                    "unit": "px",
                                    "top": "40",
                                    "right": 0,
                                    "bottom": "0",
                                    "left": 0,
                                    "isLinked": false
                                }
                            },
                            "elements": [
                                {
                                    "id": "685fcfaa",
                                    "settings": {
                                        "_column_size": 50,
                                        "_inline_size": null,
                                        "padding": {
                                            "unit": "px",
                                            "top": "0",
                                            "right": "10",
                                            "bottom": "0",
                                            "left": "0",
                                            "isLinked": false
                                        }
                                    },
                                    "elements": [
                                        {
                                            "id": "36c321b5",
                                            "settings": {
                                                "title": "Where is license key?",
                                                "align": "left",
                                                "title_color": "#342562",
                                                "typography_font_family": "Noto Sans",
                                                "typography_font_size": {
                                                    "unit": "px",
                                                    "size": 16
                                                },
                                                "typography_letter_spacing": {
                                                    "unit": "px",
                                                    "size": 6
                                                },
                                                "_margin": {
                                                    "unit": "px",
                                                    "top": "-12",
                                                    "right": "0",
                                                    "bottom": "-12",
                                                    "left": "0",
                                                    "isLinked": false
                                                },
                                                "header_size": "h4",
                                                "align_mobile": "center",
                                                "typography_font_weight": "bold",
                                                "typography_text_transform": "uppercase",
                                                "_padding": {
                                                    "unit": "px",
                                                    "top": "0",
                                                    "right": "0",
                                                    "bottom": "0",
                                                    "left": "0",
                                                    "isLinked": true
                                                }
                                            },
                                            "elements": [],
                                            "isInner": false,
                                            "widgetType": "heading",
                                            "elType": "widget"
                                        },
                                        {
                                            "id": "122c593c",
                                            "settings": {
                                                "text_color": "#342562",
                                                "typography_typography": "custom",
                                                "typography_font_size": {
                                                    "unit": "rem",
                                                    "size": 1
                                                },
                                                "typography_line_height": {
                                                    "unit": "em",
                                                    "size": 1.6000000000000001
                                                },
                                                "editor": "<p>Lorem ipsum dolor sit amet, consectetur adipiscing elit. Ut elit tellus, luctus nec ullamcorper mattis, pulvinar dapibus leo.<\/p>",
                                                "align_mobile": "center",
                                                "typography_font_family": "Noto Sans"
                                            },
                                            "elements": [],
                                            "isInner": false,
                                            "widgetType": "text-editor",
                                            "elType": "widget"
                                        }
                                    ],
                                    "isInner": true,
                                    "elType": "column"
                                },
                                {
                                    "id": "4edafcdd",
                                    "settings": {
                                        "_column_size": 50,
                                        "_inline_size": null,
                                        "padding": {
                                            "unit": "px",
                                            "top": "0",
                                            "right": "0",
                                            "bottom": "0",
                                            "left": "10",
                                            "isLinked": false
                                        },
                                        "margin_mobile": {
                                            "unit": "px",
                                            "top": "20",
                                            "right": "0",
                                            "bottom": "0",
                                            "left": "0",
                                            "isLinked": false
                                        },
                                        "padding_mobile": {
                                            "unit": "px",
                                            "top": "0",
                                            "right": "0",
                                            "bottom": "0",
                                            "left": "0",
                                            "isLinked": true
                                        }
                                    },
                                    "elements": [
                                        {
                                            "id": "47b62027",
                                            "settings": {
                                                "title": "What is WordPress?",
                                                "align": "left",
                                                "title_color": "#342562",
                                                "typography_font_family": "Noto Sans",
                                                "typography_font_size": {
                                                    "unit": "px",
                                                    "size": 16
                                                },
                                                "typography_letter_spacing": {
                                                    "unit": "px",
                                                    "size": 6
                                                },
                                                "_margin": {
                                                    "unit": "px",
                                                    "top": "-12",
                                                    "right": "0",
                                                    "bottom": "-12",
                                                    "left": "0",
                                                    "isLinked": false
                                                },
                                                "typography_font_weight": "bold",
                                                "typography_text_transform": "uppercase",
                                                "_padding": {
                                                    "unit": "px",
                                                    "top": "0",
                                                    "right": "0",
                                                    "bottom": "0",
                                                    "left": "0",
                                                    "isLinked": true
                                                },
                                                "header_size": "h4",
                                                "align_mobile": "center"
                                            },
                                            "elements": [],
                                            "isInner": false,
                                            "widgetType": "heading",
                                            "elType": "widget"
                                        },
                                        {
                                            "id": "4ad45512",
                                            "settings": {
                                                "text_color": "#342562",
                                                "typography_typography": "custom",
                                                "typography_font_size": {
                                                    "unit": "rem",
                                                    "size": 1
                                                },
                                                "typography_line_height": {
                                                    "unit": "em",
                                                    "size": 1.6000000000000001
                                                },
                                                "editor": "<p>Lorem ipsum dolor sit amet, consectetur adipiscing elit. Ut elit tellus, luctus nec ullamcorper mattis, pulvinar dapibus leo.<\/p>",
                                                "align_mobile": "center",
                                                "typography_font_family": "Noto Sans"
                                            },
                                            "elements": [],
                                            "isInner": false,
                                            "widgetType": "text-editor",
                                            "elType": "widget"
                                        }
                                    ],
                                    "isInner": true,
                                    "elType": "column"
                                }
                            ],
                            "isInner": true,
                            "elType": "section"
                        },
                        {
                            "id": "40ec544c",
                            "settings": {
                                "structure": "20",
                                "padding": {
                                    "unit": "px",
                                    "top": "0",
                                    "right": "0",
                                    "bottom": "10",
                                    "left": "0",
                                    "isLinked": false
                                },
                                "gap": "wider",
                                "margin": {
                                    "unit": "px",
                                    "top": "30",
                                    "right": 0,
                                    "bottom": "106",
                                    "left": 0,
                                    "isLinked": false
                                }
                            },
                            "elements": [
                                {
                                    "id": "26de771c",
                                    "settings": {
                                        "_column_size": 50,
                                        "_inline_size": null,
                                        "padding": {
                                            "unit": "px",
                                            "top": "0",
                                            "right": "10",
                                            "bottom": "0",
                                            "left": "0",
                                            "isLinked": false
                                        }
                                    },
                                    "elements": [
                                        {
                                            "id": "6ee11d50",
                                            "settings": {
                                                "title": "Do i get free domain?",
                                                "align": "left",
                                                "title_color": "#342562",
                                                "typography_font_family": "Noto Sans",
                                                "typography_font_size": {
                                                    "unit": "px",
                                                    "size": 16
                                                },
                                                "typography_letter_spacing": {
                                                    "unit": "px",
                                                    "size": 6
                                                },
                                                "_margin": {
                                                    "unit": "px",
                                                    "top": "-12",
                                                    "right": "0",
                                                    "bottom": "-12",
                                                    "left": "0",
                                                    "isLinked": false
                                                },
                                                "typography_font_weight": "bold",
                                                "typography_text_transform": "uppercase",
                                                "_padding": {
                                                    "unit": "px",
                                                    "top": "0",
                                                    "right": "0",
                                                    "bottom": "0",
                                                    "left": "0",
                                                    "isLinked": true
                                                },
                                                "header_size": "h4",
                                                "align_mobile": "center"
                                            },
                                            "elements": [],
                                            "isInner": false,
                                            "widgetType": "heading",
                                            "elType": "widget"
                                        },
                                        {
                                            "id": "518b7823",
                                            "settings": {
                                                "text_color": "#342562",
                                                "typography_typography": "custom",
                                                "typography_font_size": {
                                                    "unit": "rem",
                                                    "size": 1
                                                },
                                                "typography_line_height": {
                                                    "unit": "em",
                                                    "size": 1.6000000000000001
                                                },
                                                "editor": "<p>Lorem ipsum dolor sit amet, consectetur adipiscing elit. Ut elit tellus, luctus nec ullamcorper mattis, pulvinar dapibus leo.<\/p>",
                                                "align_mobile": "center",
                                                "typography_font_family": "Noto Sans"
                                            },
                                            "elements": [],
                                            "isInner": false,
                                            "widgetType": "text-editor",
                                            "elType": "widget"
                                        }
                                    ],
                                    "isInner": true,
                                    "elType": "column"
                                },
                                {
                                    "id": "5df672d6",
                                    "settings": {
                                        "_column_size": 50,
                                        "_inline_size": null,
                                        "padding": {
                                            "unit": "px",
                                            "top": "0",
                                            "right": "0",
                                            "bottom": "0",
                                            "left": "10",
                                            "isLinked": false
                                        },
                                        "margin_mobile": {
                                            "unit": "px",
                                            "top": "20",
                                            "right": "0",
                                            "bottom": "0",
                                            "left": "0",
                                            "isLinked": false
                                        },
                                        "padding_mobile": {
                                            "unit": "px",
                                            "top": "0",
                                            "right": "0",
                                            "bottom": "0",
                                            "left": "0",
                                            "isLinked": true
                                        }
                                    },
                                    "elements": [
                                        {
                                            "id": "70e21ff3",
                                            "settings": {
                                                "title": "How to reinstall?",
                                                "align": "left",
                                                "title_color": "#342562",
                                                "typography_font_family": "Noto Sans",
                                                "typography_font_size": {
                                                    "unit": "px",
                                                    "size": 16
                                                },
                                                "typography_letter_spacing": {
                                                    "unit": "px",
                                                    "size": 6
                                                },
                                                "_margin": {
                                                    "unit": "px",
                                                    "top": "-12",
                                                    "right": "0",
                                                    "bottom": "-12",
                                                    "left": "0",
                                                    "isLinked": false
                                                },
                                                "typography_font_weight": "bold",
                                                "typography_text_transform": "uppercase",
                                                "_padding": {
                                                    "unit": "px",
                                                    "top": "0",
                                                    "right": "0",
                                                    "bottom": "0",
                                                    "left": "0",
                                                    "isLinked": true
                                                },
                                                "header_size": "h4",
                                                "align_mobile": "center"
                                            },
                                            "elements": [],
                                            "isInner": false,
                                            "widgetType": "heading",
                                            "elType": "widget"
                                        },
                                        {
                                            "id": "577fb0e7",
                                            "settings": {
                                                "text_color": "#342562",
                                                "typography_typography": "custom",
                                                "typography_font_size": {
                                                    "unit": "rem",
                                                    "size": 1
                                                },
                                                "typography_line_height": {
                                                    "unit": "em",
                                                    "size": 1.6000000000000001
                                                },
                                                "editor": "<p>Lorem ipsum dolor sit amet, consectetur adipiscing elit. Ut elit tellus, luctus nec ullamcorper mattis, pulvinar dapibus leo.<\/p>",
                                                "align_mobile": "center",
                                                "typography_font_family": "Noto Sans"
                                            },
                                            "elements": [],
                                            "isInner": false,
                                            "widgetType": "text-editor",
                                            "elType": "widget"
                                        }
                                    ],
                                    "isInner": true,
                                    "elType": "column"
                                }
                            ],
                            "isInner": true,
                            "elType": "section"
                        }
                    ],
                    "isInner": false,
                    "elType": "column"
                }
            ],
            "isInner": false,
            "elType": "section"
        },
        {
            "id": "79a53579",
            "settings": {
                "background_color": "#e62c91",
                "background_color_b": "#ff2a71",
                "shape_divider_top_height": {
                    "unit": "px",
                    "size": 270
                },
                "padding": {
                    "unit": "px",
                    "top": "0",
                    "right": "0",
                    "bottom": "80",
                    "left": "0",
                    "isLinked": false
                },
                "background_color_stop": {
                    "unit": "%",
                    "size": 10
                },
                "background_gradient_angle": {
                    "unit": "deg",
                    "size": 350
                },
                "background_overlay_image": {
                    "id": 7,
                    "url": "https:\/\/wp.envatoextensions.com\/collection-38\/wp-content\/uploads\/sites\/41\/2018\/07\/bg2.png"
                },
                "background_overlay_position": "bottom center",
                "background_overlay_repeat": "no-repeat",
                "background_overlay_opacity": {
                    "unit": "px",
                    "size": 0.80000000000000004
                },
                "padding_mobile": {
                    "unit": "em",
                    "top": "3",
                    "right": "1",
                    "bottom": "3",
                    "left": "1",
                    "isLinked": false
                },
                "shape_divider_top": "curve",
                "shape_divider_top_width": {
                    "unit": "%",
                    "size": 106
                },
                "shape_divider_top_height_mobile": {
                    "unit": "px",
                    "size": 76
                },
                "shape_divider_top_negative": "yes",
                "padding_tablet": {
                    "unit": "em",
                    "top": "5",
                    "right": "2",
                    "bottom": "5",
                    "left": "2",
                    "isLinked": false
                },
                "layout": "full_width",
                "height": "min-height",
                "custom_height": {
                    "unit": "vh",
                    "size": 30,
                    "sizes": []
                },
                "column_position": "stretch",
                "background_background": "classic",
                "background_image": {
                    "url": "https:\/\/wp.envatoextensions.com\/collection-38\/wp-content\/uploads\/sites\/41\/2018\/07\/web-agency-bg1.jpg",
                    "id": 894
                },
                "background_position": "top left",
                "background_repeat": "no-repeat",
                "shape_divider_top_height_tablet": {
                    "unit": "px",
                    "size": 129
                },
                "background_position_tablet": "center center"
            },
            "elements": [
                {
                    "id": "3314c561",
                    "settings": {
                        "_column_size": 100
                    },
                    "elements": [
                        {
                            "id": "515cbf3c",
                            "settings": {
                                "structure": "30",
                                "padding": {
                                    "unit": "em",
                                    "top": "0",
                                    "right": "0",
                                    "bottom": "0",
                                    "left": "0",
                                    "isLinked": false
                                },
                                "content_position": "top",
                                "padding_mobile": {
                                    "unit": "px",
                                    "top": "0",
                                    "right": "0",
                                    "bottom": "0",
                                    "left": "0",
                                    "isLinked": true
                                },
                                "margin_tablet": {
                                    "unit": "%",
                                    "top": "0",
                                    "right": 0,
                                    "bottom": "10",
                                    "left": 0,
                                    "isLinked": false
                                },
                                "padding_tablet": {
                                    "unit": "em",
                                    "top": "0",
                                    "right": "0",
                                    "bottom": "0",
                                    "left": "0",
                                    "isLinked": true
                                },
                                "margin": {
                                    "unit": "px",
                                    "top": "-112",
                                    "right": 0,
                                    "bottom": "0",
                                    "left": 0,
                                    "isLinked": false
                                }
                            },
                            "elements": [
                                {
                                    "id": "2f92188e",
                                    "settings": {
                                        "_column_size": 33,
                                        "_inline_size": null,
                                        "background_background": "classic",
                                        "background_color": "#3d3aeb",
                                        "margin": {
                                            "unit": "px",
                                            "top": "5",
                                            "right": "5",
                                            "bottom": "5",
                                            "left": "5",
                                            "isLinked": true
                                        },
                                        "padding": {
                                            "unit": "em",
                                            "top": "2",
                                            "right": "2",
                                            "bottom": "2",
                                            "left": "2",
                                            "isLinked": true
                                        },
                                        "animation": "fadeIn",
                                        "animation_delay": 200,
                                        "border_radius": {
                                            "unit": "px",
                                            "top": "8",
                                            "right": "8",
                                            "bottom": "8",
                                            "left": "8",
                                            "isLinked": true
                                        },
                                        "margin_tablet": {
                                            "unit": "px",
                                            "top": "5",
                                            "right": "0",
                                            "bottom": "5",
                                            "left": "0",
                                            "isLinked": false
                                        },
                                        "padding_tablet": {
                                            "unit": "em",
                                            "top": "1",
                                            "right": "1",
                                            "bottom": "1",
                                            "left": "1",
                                            "isLinked": true
                                        }
                                    },
                                    "elements": [
                                        {
                                            "id": "5ac99c22",
                                            "settings": {
                                                "icon": "fa fa-book",
                                                "primary_color": "#3b7ced",
                                                "size": {
                                                    "unit": "px",
                                                    "size": 78
                                                },
                                                "align": "left",
                                                "hover_animation": "grow",
                                                "align_mobile": "center"
                                            },
                                            "elements": [],
                                            "isInner": false,
                                            "widgetType": "icon",
                                            "elType": "widget"
                                        },
                                        {
                                            "id": "1a9bde7e",
                                            "settings": {
                                                "title": "Knowledgebase",
                                                "align": "left",
                                                "typography_typography": "custom",
                                                "typography_font_family": "Source Sans Pro",
                                                "typography_font_size": {
                                                    "unit": "px",
                                                    "size": 25
                                                },
                                                "typography_font_weight": "bold",
                                                "typography_text_transform": "uppercase",
                                                "typography_line_height": {
                                                    "unit": "em",
                                                    "size": 0.90000000000000002
                                                },
                                                "typography_letter_spacing": {
                                                    "unit": "px",
                                                    "size": 6
                                                },
                                                "_margin": {
                                                    "unit": "px",
                                                    "top": "0",
                                                    "right": "0",
                                                    "bottom": "0",
                                                    "left": "0",
                                                    "isLinked": false
                                                },
                                                "_padding": {
                                                    "unit": "px",
                                                    "top": "0",
                                                    "right": "0",
                                                    "bottom": "0",
                                                    "left": "0",
                                                    "isLinked": false
                                                },
                                                "typography_font_size_tablet": {
                                                    "unit": "px",
                                                    "size": 21
                                                },
                                                "typography_letter_spacing_tablet": {
                                                    "unit": "px",
                                                    "size": 2
                                                },
                                                "align_mobile": "center",
                                                "title_color": "#ffffff"
                                            },
                                            "elements": [],
                                            "isInner": false,
                                            "widgetType": "heading",
                                            "elType": "widget"
                                        },
                                        {
                                            "id": "4ae7709b",
                                            "settings": {
                                                "typography_typography": "custom",
                                                "typography_font_size": {
                                                    "unit": "rem",
                                                    "size": 1
                                                },
                                                "typography_line_height": {
                                                    "unit": "em",
                                                    "size": 1.8
                                                },
                                                "editor": "<p>Click edit button to change this text. Lorem ipsum dolor sit amet, consectetur adipiscing elit. Ut elit tellus, luctus nec ullamcorper mattis, pulvinar dapibus leo.<\/p>",
                                                "_background_background": "classic",
                                                "text_color": "#ffffff"
                                            },
                                            "elements": [],
                                            "isInner": false,
                                            "widgetType": "text-editor",
                                            "elType": "widget"
                                        }
                                    ],
                                    "isInner": true,
                                    "elType": "column"
                                },
                                {
                                    "id": "2554bfff",
                                    "settings": {
                                        "_column_size": 33,
                                        "_inline_size": null,
                                        "background_background": "classic",
                                        "background_color": "#f3278a",
                                        "margin": {
                                            "unit": "px",
                                            "top": "5",
                                            "right": "5",
                                            "bottom": "5",
                                            "left": "5",
                                            "isLinked": true
                                        },
                                        "padding": {
                                            "unit": "em",
                                            "top": "2",
                                            "right": "2",
                                            "bottom": "2",
                                            "left": "2",
                                            "isLinked": true
                                        },
                                        "animation": "fadeIn",
                                        "animation_delay": 200,
                                        "border_radius": {
                                            "unit": "px",
                                            "top": "8",
                                            "right": "8",
                                            "bottom": "8",
                                            "left": "8",
                                            "isLinked": true
                                        },
                                        "box_shadow_hover_box_shadow": {
                                            "horizontal": 6,
                                            "vertical": 5,
                                            "blur": 19,
                                            "spread": 9,
                                            "color": "rgba(0,0,0,0.38)"
                                        },
                                        "margin_tablet": {
                                            "unit": "px",
                                            "top": "5",
                                            "right": "2",
                                            "bottom": "5",
                                            "left": "4",
                                            "isLinked": false
                                        },
                                        "padding_tablet": {
                                            "unit": "em",
                                            "top": "1",
                                            "right": "1",
                                            "bottom": "1",
                                            "left": "1",
                                            "isLinked": true
                                        }
                                    },
                                    "elements": [
                                        {
                                            "id": "57653882",
                                            "settings": {
                                                "icon": "fa fa-bookmark",
                                                "primary_color": "#ff488a",
                                                "size": {
                                                    "unit": "px",
                                                    "size": 78
                                                },
                                                "align": "left",
                                                "hover_animation": "shrink",
                                                "align_mobile": "center"
                                            },
                                            "elements": [],
                                            "isInner": false,
                                            "widgetType": "icon",
                                            "elType": "widget"
                                        },
                                        {
                                            "id": "1fe62225",
                                            "settings": {
                                                "title": "Helpful Resources",
                                                "align": "left",
                                                "typography_typography": "custom",
                                                "typography_font_family": "Source Sans Pro",
                                                "typography_font_size": {
                                                    "unit": "px",
                                                    "size": 25
                                                },
                                                "typography_font_weight": "bold",
                                                "typography_letter_spacing": {
                                                    "unit": "px",
                                                    "size": 6
                                                },
                                                "typography_font_size_tablet": {
                                                    "unit": "px",
                                                    "size": 21
                                                },
                                                "typography_text_transform": "uppercase",
                                                "typography_line_height": {
                                                    "unit": "em",
                                                    "size": 0.90000000000000002
                                                },
                                                "typography_letter_spacing_tablet": {
                                                    "unit": "px",
                                                    "size": 2
                                                },
                                                "_margin": {
                                                    "unit": "px",
                                                    "top": "0",
                                                    "right": "0",
                                                    "bottom": "0",
                                                    "left": "0",
                                                    "isLinked": false
                                                },
                                                "_padding": {
                                                    "unit": "px",
                                                    "top": "0",
                                                    "right": "0",
                                                    "bottom": "0",
                                                    "left": "0",
                                                    "isLinked": false
                                                },
                                                "align_mobile": "center",
                                                "title_color": "#ffffff"
                                            },
                                            "elements": [],
                                            "isInner": false,
                                            "widgetType": "heading",
                                            "elType": "widget"
                                        },
                                        {
                                            "id": "1c374ec6",
                                            "settings": {
                                                "typography_typography": "custom",
                                                "typography_font_size": {
                                                    "unit": "rem",
                                                    "size": 1
                                                },
                                                "typography_line_height": {
                                                    "unit": "em",
                                                    "size": 1.8
                                                },
                                                "_background_background": "classic",
                                                "editor": "<p>Lorem ipsum dolor sit amet, consectetur adipiscing elit. Ut elit tellus, luctus nec ullamcorper mattis, pulvinar dapibus leo.<\/p>",
                                                "text_color": "#ffffff"
                                            },
                                            "elements": [],
                                            "isInner": false,
                                            "widgetType": "text-editor",
                                            "elType": "widget"
                                        }
                                    ],
                                    "isInner": true,
                                    "elType": "column"
                                },
                                {
                                    "id": "3ba6f682",
                                    "settings": {
                                        "_column_size": 33,
                                        "_inline_size": null,
                                        "background_background": "classic",
                                        "background_color": "#7000e0",
                                        "margin": {
                                            "unit": "px",
                                            "top": "5",
                                            "right": "5",
                                            "bottom": "5",
                                            "left": "5",
                                            "isLinked": true
                                        },
                                        "margin_tablet": {
                                            "unit": "px",
                                            "top": "5",
                                            "right": "0",
                                            "bottom": "5",
                                            "left": "0",
                                            "isLinked": false
                                        },
                                        "padding": {
                                            "unit": "em",
                                            "top": "2",
                                            "right": "2",
                                            "bottom": "2",
                                            "left": "2",
                                            "isLinked": true
                                        },
                                        "animation": "fadeIn",
                                        "animation_delay": 200,
                                        "border_radius": {
                                            "unit": "px",
                                            "top": "8",
                                            "right": "8",
                                            "bottom": "8",
                                            "left": "8",
                                            "isLinked": true
                                        },
                                        "padding_tablet": {
                                            "unit": "em",
                                            "top": "1",
                                            "right": "1",
                                            "bottom": "1",
                                            "left": "1",
                                            "isLinked": true
                                        }
                                    },
                                    "elements": [
                                        {
                                            "id": "7ec4fd5",
                                            "settings": {
                                                "icon": "fa fa-code",
                                                "primary_color": "#9353ed",
                                                "size": {
                                                    "unit": "px",
                                                    "size": 78
                                                },
                                                "align": "left",
                                                "hover_animation": "float",
                                                "align_mobile": "center"
                                            },
                                            "elements": [],
                                            "isInner": false,
                                            "widgetType": "icon",
                                            "elType": "widget"
                                        },
                                        {
                                            "id": "42eedde8",
                                            "settings": {
                                                "title": "code snippets",
                                                "align": "left",
                                                "typography_typography": "custom",
                                                "typography_font_size": {
                                                    "unit": "px",
                                                    "size": 25
                                                },
                                                "typography_font_weight": "bold",
                                                "typography_letter_spacing": {
                                                    "unit": "px",
                                                    "size": 6
                                                },
                                                "typography_font_size_tablet": {
                                                    "unit": "px",
                                                    "size": 21
                                                },
                                                "typography_text_transform": "uppercase",
                                                "typography_line_height": {
                                                    "unit": "em",
                                                    "size": 0.90000000000000002
                                                },
                                                "typography_letter_spacing_tablet": {
                                                    "unit": "px",
                                                    "size": 2
                                                },
                                                "_margin": {
                                                    "unit": "px",
                                                    "top": "0",
                                                    "right": "0",
                                                    "bottom": "0",
                                                    "left": "0",
                                                    "isLinked": false
                                                },
                                                "_padding": {
                                                    "unit": "px",
                                                    "top": "0",
                                                    "right": "0",
                                                    "bottom": "0",
                                                    "left": "0",
                                                    "isLinked": false
                                                },
                                                "align_mobile": "center",
                                                "title_color": "#ffffff",
                                                "typography_font_family": "Source Sans Pro"
                                            },
                                            "elements": [],
                                            "isInner": false,
                                            "widgetType": "heading",
                                            "elType": "widget"
                                        },
                                        {
                                            "id": "176beeaa",
                                            "settings": {
                                                "typography_typography": "custom",
                                                "typography_font_size": {
                                                    "unit": "rem",
                                                    "size": 1
                                                },
                                                "typography_line_height": {
                                                    "unit": "em",
                                                    "size": 1.8
                                                },
                                                "_background_background": "classic",
                                                "editor": "<p>Lorem ipsum dolor sit amet, consectetur adipiscing elit. Ut elit tellus, luctus nec ullamcorper mattis, pulvinar dapibus leo.<\/p>",
                                                "text_color": "#ffffff"
                                            },
                                            "elements": [],
                                            "isInner": false,
                                            "widgetType": "text-editor",
                                            "elType": "widget"
                                        }
                                    ],
                                    "isInner": true,
                                    "elType": "column"
                                }
                            ],
                            "isInner": true,
                            "elType": "section"
                        },
                        {
                            "id": "11218283",
                            "settings": {
                                "text": "Contact us now",
                                "typography_typography": "custom",
                                "typography_font_family": "Source Sans Pro",
                                "typography_font_size": {
                                    "unit": "px",
                                    "size": 18
                                },
                                "typography_font_weight": "bold",
                                "typography_text_decoration": "none",
                                "typography_line_height": {
                                    "unit": "em",
                                    "size": 1.3999999999999999
                                },
                                "typography_letter_spacing": {
                                    "unit": "px",
                                    "size": 3
                                },
                                "button_text_color": "#ffffff",
                                "background_color": "#F3278A",
                                "border_width": {
                                    "unit": "px",
                                    "top": "1",
                                    "right": "1",
                                    "bottom": "1",
                                    "left": "1",
                                    "isLinked": true
                                },
                                "border_color": "rgba(255,255,255,0.4)",
                                "border_radius": {
                                    "unit": "px",
                                    "top": "60",
                                    "right": "60",
                                    "bottom": "60",
                                    "left": "60",
                                    "isLinked": true
                                },
                                "button_box_shadow_box_shadow": {
                                    "horizontal": 6,
                                    "vertical": 6,
                                    "blur": 100,
                                    "spread": 19,
                                    "color": "rgba(0,0,0,0.29)"
                                },
                                "text_padding": {
                                    "unit": "px",
                                    "top": "16",
                                    "right": "26",
                                    "bottom": "16",
                                    "left": "26",
                                    "isLinked": false
                                },
                                "_margin": {
                                    "unit": "px",
                                    "top": "46",
                                    "right": "46",
                                    "bottom": "46",
                                    "left": "46",
                                    "isLinked": true
                                },
                                "_padding": {
                                    "unit": "em",
                                    "top": "0",
                                    "right": "0",
                                    "bottom": "0",
                                    "left": "0",
                                    "isLinked": false
                                },
                                "align": "center",
                                "icon": "fa fa-paper-plane",
                                "icon_align": "right",
                                "align_mobile": "justify",
                                "typography_font_size_mobile": {
                                    "unit": "px",
                                    "size": 13
                                },
                                "typography_text_transform": "uppercase",
                                "text_padding_mobile": {
                                    "unit": "px",
                                    "top": "15",
                                    "right": "15",
                                    "bottom": "15",
                                    "left": "15",
                                    "isLinked": true
                                },
                                "_animation": "zoomIn",
                                "_css_classes": "envato-kit-38-radial-out",
                                "selected_icon": {
                                    "value": "fas fa-paper-plane",
                                    "library": "fa-solid"
                                },
                                "__fa4_migrated": {
                                    "selected_icon": true
                                },
                                "_margin_mobile": {
                                    "unit": "px",
                                    "top": "0",
                                    "right": "0",
                                    "bottom": "0",
                                    "left": "0",
                                    "isLinked": true
                                },
                                "_padding_mobile": {
                                    "unit": "em",
                                    "top": "1",
                                    "right": "1",
                                    "bottom": "1",
                                    "left": "1",
                                    "isLinked": true
                                }
                            },
                            "elements": [],
                            "isInner": false,
                            "widgetType": "button",
                            "elType": "widget"
                        }
                    ],
                    "isInner": false,
                    "elType": "column"
                }
            ],
            "isInner": false,
            "elType": "section"
        }
    ]
}